{"episode_rewards": [18.63484457304681, 33.78521857650049, 33.16996289389104, -5.067194370484543, 15.897128502323971, -9.572040465021688, -23.346088696041463, 11.600053822339422, 30.575380919982642, 23.452417520890293, -11.166328130004594, -11.183865500626261, 3.2559719080716327, 44.24423018778002, 28.88328066654022, -24.289128636131146, 28.480192806562215, 34.30639676570868, -16.895822009924377, -1.301105150080197, 36.293527428865445, 27.424854719275956, 26.870734720136745, 0.12332565510829241, 10.12188298311334, 38.411795523267216, 22.431028623366785, 37.70904632107066, -4.054988530561658, -15.06118061351385, 19.494844663672094, 25.77554526062614, 11.4280432854851, 18.336345844045262, 30.683569243504373, 24.185034407859128, 10.483750808351546, 9.258732670026985, 37.72966366276974, 32.03020287394336, 31.226953616709505, 19.447803711587618, 26.080977954191162, -31.075765792041985, 17.997889030022904, 29.380955655656763, -9.432608832034958, 1.630117474885715, 12.504571152370763, 33.93829018571965, 16.78565530524328, -31.01804095785313, 17.5593625906363, 32.154015270025845, -1.2419949411225382, 16.20290687992993, -25.86019682836792, 8.65018998337602, -11.756111825233983, 25.14402641647554, -6.011523279050541, 22.43377744366647, 11.558469951068247, 17.143711307538602, -1.782170733489199, 19.208207536903863, -19.287400089323278, 24.123028302908143, 3.1710828855562063, 15.718749444042079, 4.3693207490143795, 9.266776178214581, 13.024076606905378, 32.616001051328674, 19.06136025345713, 19.052314212536853, 28.36984466874268, 18.153403827960197, 4.395544100369229, 31.941657340129538, -17.506927641859136, 13.718121801134178, 9.680766084760556, 27.827553483399754, 19.19012301489405, -24.527572682034737, -4.863430547500787, 26.850118486438667, 18.50028580733828, -26.96372334626261, 40.81701175820881, 11.187933930182249, 14.96460273097466, 25.800613473600293, 16.23516212098761, 15.305279700117833, 27.03392363279302, -19.696249427759874, -19.558808740710873, 34.472114488617265], "items_placed": [4.0, 4.0, 4.0, 3.0, 4.0, 3.0, 3.0, 4.0, 4.0, 4.0, 3.0, 3.0, 4.0, 4.0, 4.0, 3.0, 4.0, 4.0, 3.0, 4.0, 4.0, 4.0, 4.0, 4.0, 4.0, 4.0, 4.0, 4.0, 4.0, 3.0, 4.0, 4.0, 4.0, 4.0, 4.0, 4.0, 4.0, 4.0, 4.0, 4.0, 4.0, 4.0, 4.0, 3.0, 4.0, 4.0, 3.0, 4.0, 4.0, 4.0, 4.0, 2.0, 4.0, 4.0, 4.0, 4.0, 2.0, 4.0, 3.0, 4.0, 3.0, 4.0, 4.0, 4.0, 4.0, 4.0, 2.0, 4.0, 4.0, 4.0, 4.0, 4.0, 4.0, 4.0, 4.0, 4.0, 4.0, 4.0, 4.0, 4.0, 3.0, 4.0, 4.0, 4.0, 4.0, 3.0, 3.0, 4.0, 4.0, 3.0, 4.0, 4.0, 4.0, 4.0, 4.0, 4.0, 4.0, 2.0, 2.0, 4.0], "success_rates": [0.25, 0.25]}