{"episode_rewards": [-5.215663006844153, -34.03762714828004, 17.45356066853161, 30.3688337440308, 22.599912609451017, 11.970833196712093, 14.869910335156908, 20.414066332342454, 38.1803449366055, -1.9491703756310645, -3.23488421284371, -1.0693189396502945, 8.92999771080889, -1.0386741325252942, -18.11886511382963, -14.380205273002936, -15.536364331236568, 37.05111460250805, -22.296775206696825, -4.3604999887934675, -18.32765722650473, -3.805589585849301, 19.035176891344733, 24.74939813907519, -17.966112316480217, -9.23545196774467, -0.45569994364763566, -1.8093407777427508, -15.713770276171282, 31.8851255901249, -48.0, -6.181083143066896, -5.349590103050227, -29.931400497972657, -17.770113172072033, -36.40415980736054, -21.05759948896274, 18.267771349621775, -18.346231148407096, 6.263902875620914, -4.518593217168112, 26.225029419509312, 40.615278894815035, -3.1806171831563717, -5.006305794389336, 28.769582560863018, 22.693200791816132, -3.632161331020596, -34.73152241186234, -19.977717960781895, 33.57434912123777, -16.289369110783326, 27.690102748700703, 7.424508826854497, 33.01274325408704, -17.07440917656935, 20.287565305770677, 32.60150807097826, -20.09287959456568, -31.650270276591833, 19.378502374269413, -20.15963049412027, -32.03409264326804, 2.8726064613864786, -0.8322845009664359, 1.8066598644081964, 2.7916336979667378, 35.75341954768852, 31.54540830521502, -32.86396720983672, -2.8812317797016984, 20.46637345674489, -4.306145471853183, 30.386767776949558, 14.279647408095695, -3.967170173104094, -4.5711689747557, -5.985863863244665, -2.4792548285021745, 16.58938508930953, -2.13768397436516, -3.7056115249513297, 27.13033749498443, 42.02730282846798, -3.9348660422828416, 23.699173821804337, -7.129265150454968, -15.46254609991612, -4.508783384731139, 1.086384624200111, 40.10074747404033, -3.688119819161617, -4.080851428677793, -17.44915776493346, 33.6596266190454, -19.045439431079913, 19.373229426460977, -17.852192645975634, -0.0874815810905396, -1.0358790239649007], "items_placed": [3.0, 1.0, 4.0, 4.0, 4.0, 4.0, 4.0, 4.0, 4.0, 3.0, 3.0, 3.0, 4.0, 3.0, 2.0, 2.0, 2.0, 4.0, 2.0, 3.0, 2.0, 3.0, 4.0, 4.0, 2.0, 2.0, 3.0, 3.0, 2.0, 4.0, 0.0, 3.0, 3.0, 1.0, 2.0, 1.0, 2.0, 4.0, 2.0, 3.0, 3.0, 4.0, 4.0, 3.0, 3.0, 4.0, 4.0, 3.0, 1.0, 2.0, 4.0, 2.0, 4.0, 4.0, 4.0, 2.0, 4.0, 4.0, 2.0, 1.0, 4.0, 2.0, 1.0, 3.0, 3.0, 3.0, 3.0, 4.0, 4.0, 1.0, 3.0, 4.0, 3.0, 4.0, 4.0, 3.0, 3.0, 3.0, 3.0, 4.0, 3.0, 3.0, 4.0, 4.0, 3.0, 4.0, 3.0, 2.0, 3.0, 3.0, 4.0, 3.0, 3.0, 2.0, 4.0, 2.0, 4.0, 2.0, 3.0, 3.0], "success_rates": [0.25, 0.25], "semantic_scores": [0.0, 0.0, 0.0, 0.875, 0.0, 0.0, 0.375, 0.0, 0.875, 0.6666666666666666, 0.6666666666666666, 1.1666666666666667, 0.375, 0.6666666666666666, 0.0, 0.0, 0.0, 0.875, 0.0, 0.5, 0.0, 0.0, 0.5, 0.375, 0.0, 1.0, 0.6666666666666666, 0.0, 0.75, 0.375, 0.0, 0.0, 0.5, 2.0, 0.75, 0.0, 0.0, 0.375, 0.0, 1.0, 0.6666666666666666, 0.875, 0.0, 0.0, 0.0, 0.0, 0.5, 0.6666666666666666, 0.0, 0.0, 0.75, 0.75, 0.375, 0.0, 0.875, 0.0, 0.375, 0.5, 0.0, 0.0, 0.0, 0.0, 0.0, 0.6666666666666666, 0.6666666666666666, 0.6666666666666666, 0.6666666666666666, 0.375, 0.875, 0.0, 0.6666666666666666, 0.875, 0.5, 0.375, 0.375, 0.0, 0.0, 0.0, 1.1666666666666667, 1.25, 0.5, 0.0, 0.875, 1.375, 0.0, 0.5, 0.0, 0.0, 0.5, 0.6666666666666666, 0.75, 0.5, 0.0, 0.0, 1.25, 0.75, 0.0, 1.0, 0.5, 0.0]}